<?xml version="1.0" encoding="UTF-8"?>
<config xmlns="http://www.knime.org/2008/09/XMLConfig" xmlns:xsi="http://www.w3.org/2001/XMLSchema-instance" xsi:schemaLocation="http://www.knime.org/2008/09/XMLConfig http://www.knime.org/XMLConfig_2008_09.xsd" key="model.xml">
    <entry key="version" type="xint" value="1"/>
    <entry key="class_name" type="xstring" value="org.knime.base.data.normalize.NormalizerPortObject"/>
    <config key="model">
        <config key="columns">
            <config key="ï»¿MaritalStatus">
                <entry key="column_name" type="xstring" value="ï»¿MaritalStatus"/>
                <entry key="column_scale" type="xdouble" value="0.2"/>
                <entry key="column_translate" type="xdouble" value="-0.2"/>
                <entry key="column_min" type="xdouble" value="0.0"/>
                <entry key="column_max" type="xdouble" value="1.0"/>
            </config>
            <config key="ApplicationMode">
                <entry key="column_name" type="xstring" value="ApplicationMode"/>
                <entry key="column_scale" type="xdouble" value="0.019230769230769232"/>
                <entry key="column_translate" type="xdouble" value="-0.019230769230769232"/>
                <entry key="column_min" type="xdouble" value="0.0"/>
                <entry key="column_max" type="xdouble" value="1.0"/>
            </config>
            <config key="ApplicationOrder">
                <entry key="column_name" type="xstring" value="ApplicationOrder"/>
                <entry key="column_scale" type="xdouble" value="0.2"/>
                <entry key="column_translate" type="xdouble" value="-0.2"/>
                <entry key="column_min" type="xdouble" value="0.0"/>
                <entry key="column_max" type="xdouble" value="1.0"/>
            </config>
            <config key="Course">
                <entry key="column_name" type="xstring" value="Course"/>
                <entry key="column_scale" type="xdouble" value="1.004217714400482E-4"/>
                <entry key="column_translate" type="xdouble" value="-0.003313918457521591"/>
                <entry key="column_min" type="xdouble" value="0.0"/>
                <entry key="column_max" type="xdouble" value="1.0"/>
            </config>
            <config key="DaytimeEveningAttendance">
                <entry key="column_name" type="xstring" value="DaytimeEveningAttendance"/>
                <entry key="column_scale" type="xdouble" value="1.0"/>
                <entry key="column_translate" type="xdouble" value="0.0"/>
                <entry key="column_min" type="xdouble" value="0.0"/>
                <entry key="column_max" type="xdouble" value="1.0"/>
            </config>
            <config key="PreviousQualification">
                <entry key="column_name" type="xstring" value="PreviousQualification"/>
                <entry key="column_scale" type="xdouble" value="0.023809523809523808"/>
                <entry key="column_translate" type="xdouble" value="-0.023809523809523808"/>
                <entry key="column_min" type="xdouble" value="0.0"/>
                <entry key="column_max" type="xdouble" value="1.0"/>
            </config>
            <config key="PreviousQualificationGrade">
                <entry key="column_name" type="xstring" value="PreviousQualificationGrade"/>
                <entry key="column_scale" type="xdouble" value="0.0125"/>
                <entry key="column_translate" type="xdouble" value="-1.25"/>
                <entry key="column_min" type="xdouble" value="0.0"/>
                <entry key="column_max" type="xdouble" value="1.0"/>
            </config>
            <config key="Nationality">
                <entry key="column_name" type="xstring" value="Nationality"/>
                <entry key="column_scale" type="xdouble" value="0.009259259259259259"/>
                <entry key="column_translate" type="xdouble" value="-0.009259259259259259"/>
                <entry key="column_min" type="xdouble" value="0.0"/>
                <entry key="column_max" type="xdouble" value="1.0"/>
            </config>
            <config key="MotherQualification">
                <entry key="column_name" type="xstring" value="MotherQualification"/>
                <entry key="column_scale" type="xdouble" value="0.023255813953488372"/>
                <entry key="column_translate" type="xdouble" value="-0.023255813953488372"/>
                <entry key="column_min" type="xdouble" value="0.0"/>
                <entry key="column_max" type="xdouble" value="1.0"/>
            </config>
            <config key="FatherQualification">
                <entry key="column_name" type="xstring" value="FatherQualification"/>
                <entry key="column_scale" type="xdouble" value="0.02564102564102564"/>
                <entry key="column_translate" type="xdouble" value="-0.02564102564102564"/>
                <entry key="column_min" type="xdouble" value="0.0"/>
                <entry key="column_max" type="xdouble" value="1.0"/>
            </config>
            <config key="MotherOccupation">
                <entry key="column_name" type="xstring" value="MotherOccupation"/>
                <entry key="column_scale" type="xdouble" value="0.005154639175257732"/>
                <entry key="column_translate" type="xdouble" value="0.0"/>
                <entry key="column_min" type="xdouble" value="0.0"/>
                <entry key="column_max" type="xdouble" value="1.0"/>
            </config>
            <config key="FatherOccupation">
                <entry key="column_name" type="xstring" value="FatherOccupation"/>
                <entry key="column_scale" type="xdouble" value="0.005128205128205128"/>
                <entry key="column_translate" type="xdouble" value="0.0"/>
                <entry key="column_min" type="xdouble" value="0.0"/>
                <entry key="column_max" type="xdouble" value="1.0"/>
            </config>
            <config key="AdmissionGrade">
                <entry key="column_name" type="xstring" value="AdmissionGrade"/>
                <entry key="column_scale" type="xdouble" value="0.011235955056179775"/>
                <entry key="column_translate" type="xdouble" value="-1.0674157303370786"/>
                <entry key="column_min" type="xdouble" value="0.0"/>
                <entry key="column_max" type="xdouble" value="1.0"/>
            </config>
            <config key="Displaced">
                <entry key="column_name" type="xstring" value="Displaced"/>
                <entry key="column_scale" type="xdouble" value="1.0"/>
                <entry key="column_translate" type="xdouble" value="0.0"/>
                <entry key="column_min" type="xdouble" value="0.0"/>
                <entry key="column_max" type="xdouble" value="1.0"/>
            </config>
            <config key="EducationalSpecialNeeds">
                <entry key="column_name" type="xstring" value="EducationalSpecialNeeds"/>
                <entry key="column_scale" type="xdouble" value="1.0"/>
                <entry key="column_translate" type="xdouble" value="0.0"/>
                <entry key="column_min" type="xdouble" value="0.0"/>
                <entry key="column_max" type="xdouble" value="1.0"/>
            </config>
            <config key="Debtor">
                <entry key="column_name" type="xstring" value="Debtor"/>
                <entry key="column_scale" type="xdouble" value="1.0"/>
                <entry key="column_translate" type="xdouble" value="0.0"/>
                <entry key="column_min" type="xdouble" value="0.0"/>
                <entry key="column_max" type="xdouble" value="1.0"/>
            </config>
            <config key="TuitionFeesUpToDate">
                <entry key="column_name" type="xstring" value="TuitionFeesUpToDate"/>
                <entry key="column_scale" type="xdouble" value="1.0"/>
                <entry key="column_translate" type="xdouble" value="0.0"/>
                <entry key="column_min" type="xdouble" value="0.0"/>
                <entry key="column_max" type="xdouble" value="1.0"/>
            </config>
            <config key="Gender">
                <entry key="column_name" type="xstring" value="Gender"/>
                <entry key="column_scale" type="xdouble" value="1.0"/>
                <entry key="column_translate" type="xdouble" value="0.0"/>
                <entry key="column_min" type="xdouble" value="0.0"/>
                <entry key="column_max" type="xdouble" value="1.0"/>
            </config>
            <config key="ScholarshipHolder">
                <entry key="column_name" type="xstring" value="ScholarshipHolder"/>
                <entry key="column_scale" type="xdouble" value="1.0"/>
                <entry key="column_translate" type="xdouble" value="0.0"/>
                <entry key="column_min" type="xdouble" value="0.0"/>
                <entry key="column_max" type="xdouble" value="1.0"/>
            </config>
            <config key="AgeAtEnrollment">
                <entry key="column_name" type="xstring" value="AgeAtEnrollment"/>
                <entry key="column_scale" type="xdouble" value="0.022727272727272728"/>
                <entry key="column_translate" type="xdouble" value="-0.38636363636363635"/>
                <entry key="column_min" type="xdouble" value="0.0"/>
                <entry key="column_max" type="xdouble" value="1.0"/>
            </config>
            <config key="International">
                <entry key="column_name" type="xstring" value="International"/>
                <entry key="column_scale" type="xdouble" value="1.0"/>
                <entry key="column_translate" type="xdouble" value="0.0"/>
                <entry key="column_min" type="xdouble" value="0.0"/>
                <entry key="column_max" type="xdouble" value="1.0"/>
            </config>
            <config key="CurricularUnits1stSemCredited">
                <entry key="column_name" type="xstring" value="CurricularUnits1stSemCredited"/>
                <entry key="column_scale" type="xdouble" value="0.05"/>
                <entry key="column_translate" type="xdouble" value="0.0"/>
                <entry key="column_min" type="xdouble" value="0.0"/>
                <entry key="column_max" type="xdouble" value="1.0"/>
            </config>
            <config key="CurricularUnits1stSemEnrolled">
                <entry key="column_name" type="xstring" value="CurricularUnits1stSemEnrolled"/>
                <entry key="column_scale" type="xdouble" value="0.043478260869565216"/>
                <entry key="column_translate" type="xdouble" value="0.0"/>
                <entry key="column_min" type="xdouble" value="0.0"/>
                <entry key="column_max" type="xdouble" value="1.0"/>
            </config>
            <config key="CurricularUnits1stSemEvaluation">
                <entry key="column_name" type="xstring" value="CurricularUnits1stSemEvaluation"/>
                <entry key="column_scale" type="xdouble" value="0.037037037037037035"/>
                <entry key="column_translate" type="xdouble" value="0.0"/>
                <entry key="column_min" type="xdouble" value="0.0"/>
                <entry key="column_max" type="xdouble" value="1.0"/>
            </config>
            <config key="CurricularUnits1stSemApproved">
                <entry key="column_name" type="xstring" value="CurricularUnits1stSemApproved"/>
                <entry key="column_scale" type="xdouble" value="0.047619047619047616"/>
                <entry key="column_translate" type="xdouble" value="0.0"/>
                <entry key="column_min" type="xdouble" value="0.0"/>
                <entry key="column_max" type="xdouble" value="1.0"/>
            </config>
            <config key="CurricularUnits1stSemGrade">
                <entry key="column_name" type="xstring" value="CurricularUnits1stSemGrade"/>
                <entry key="column_scale" type="xdouble" value="0.05555555555555555"/>
                <entry key="column_translate" type="xdouble" value="0.0"/>
                <entry key="column_min" type="xdouble" value="0.0"/>
                <entry key="column_max" type="xdouble" value="1.0"/>
            </config>
            <config key="CurricularUnits1stSemNoEvaluation">
                <entry key="column_name" type="xstring" value="CurricularUnits1stSemNoEvaluation"/>
                <entry key="column_scale" type="xdouble" value="0.125"/>
                <entry key="column_translate" type="xdouble" value="0.0"/>
                <entry key="column_min" type="xdouble" value="0.0"/>
                <entry key="column_max" type="xdouble" value="1.0"/>
            </config>
            <config key="CurricularUnits2ndSemCredited">
                <entry key="column_name" type="xstring" value="CurricularUnits2ndSemCredited"/>
                <entry key="column_scale" type="xdouble" value="0.05263157894736842"/>
                <entry key="column_translate" type="xdouble" value="0.0"/>
                <entry key="column_min" type="xdouble" value="0.0"/>
                <entry key="column_max" type="xdouble" value="1.0"/>
            </config>
            <config key="CurricularUnits2ndSemEnrolled">
                <entry key="column_name" type="xstring" value="CurricularUnits2ndSemEnrolled"/>
                <entry key="column_scale" type="xdouble" value="0.043478260869565216"/>
                <entry key="column_translate" type="xdouble" value="0.0"/>
                <entry key="column_min" type="xdouble" value="0.0"/>
                <entry key="column_max" type="xdouble" value="1.0"/>
            </config>
            <config key="CurricularUnits2ndSemEvaluations">
                <entry key="column_name" type="xstring" value="CurricularUnits2ndSemEvaluations"/>
                <entry key="column_scale" type="xdouble" value="0.03571428571428571"/>
                <entry key="column_translate" type="xdouble" value="0.0"/>
                <entry key="column_min" type="xdouble" value="0.0"/>
                <entry key="column_max" type="xdouble" value="1.0"/>
            </config>
            <config key="CurricularUnits2ndSemApproved">
                <entry key="column_name" type="xstring" value="CurricularUnits2ndSemApproved"/>
                <entry key="column_scale" type="xdouble" value="0.05"/>
                <entry key="column_translate" type="xdouble" value="0.0"/>
                <entry key="column_min" type="xdouble" value="0.0"/>
                <entry key="column_max" type="xdouble" value="1.0"/>
            </config>
            <config key="CurricularUnits2ndSemGrade">
                <entry key="column_name" type="xstring" value="CurricularUnits2ndSemGrade"/>
                <entry key="column_scale" type="xdouble" value="0.056818181818181816"/>
                <entry key="column_translate" type="xdouble" value="0.0"/>
                <entry key="column_min" type="xdouble" value="0.0"/>
                <entry key="column_max" type="xdouble" value="1.0"/>
            </config>
            <config key="CurricularUnits2ndSemNoEvaluation">
                <entry key="column_name" type="xstring" value="CurricularUnits2ndSemNoEvaluation"/>
                <entry key="column_scale" type="xdouble" value="0.125"/>
                <entry key="column_translate" type="xdouble" value="0.0"/>
                <entry key="column_min" type="xdouble" value="0.0"/>
                <entry key="column_max" type="xdouble" value="1.0"/>
            </config>
            <config key="AverageCurricularGrade">
                <entry key="column_name" type="xstring" value="AverageCurricularGrade"/>
                <entry key="column_scale" type="xdouble" value="0.0576036866359447"/>
                <entry key="column_translate" type="xdouble" value="0.0"/>
                <entry key="column_min" type="xdouble" value="0.0"/>
                <entry key="column_max" type="xdouble" value="1.0"/>
            </config>
            <config key="UnemploymentRate">
                <entry key="column_name" type="xstring" value="UnemploymentRate"/>
                <entry key="column_scale" type="xdouble" value="0.11627906976744186"/>
                <entry key="column_translate" type="xdouble" value="-0.883720930232558"/>
                <entry key="column_min" type="xdouble" value="0.0"/>
                <entry key="column_max" type="xdouble" value="1.0"/>
            </config>
            <config key="InflationRate">
                <entry key="column_name" type="xstring" value="InflationRate"/>
                <entry key="column_scale" type="xdouble" value="0.2222222222222222"/>
                <entry key="column_translate" type="xdouble" value="0.17777777777777778"/>
                <entry key="column_min" type="xdouble" value="0.0"/>
                <entry key="column_max" type="xdouble" value="1.0"/>
            </config>
            <config key="GDP">
                <entry key="column_name" type="xstring" value="GDP"/>
                <entry key="column_scale" type="xdouble" value="0.13210039630118892"/>
                <entry key="column_translate" type="xdouble" value="0.5363276089828269"/>
                <entry key="column_min" type="xdouble" value="0.0"/>
                <entry key="column_max" type="xdouble" value="1.0"/>
            </config>
            <config key="Target">
                <entry key="column_name" type="xstring" value="Target"/>
                <entry key="column_scale" type="xdouble" value="0.5"/>
                <entry key="column_translate" type="xdouble" value="-0.5"/>
                <entry key="column_min" type="xdouble" value="0.0"/>
                <entry key="column_max" type="xdouble" value="1.0"/>
            </config>
        </config>
        <entry key="summary" type="xstring" value="Min/Max (0.0, 1) normalization on 38 column(s)"/>
    </config>
</config>
