<?xml version="1.0" encoding="UTF-8"?>
<config xmlns="http://www.knime.org/2008/09/XMLConfig" xmlns:xsi="http://www.w3.org/2001/XMLSchema-instance" xsi:schemaLocation="http://www.knime.org/2008/09/XMLConfig http://www.knime.org/XMLConfig_2008_09.xsd" key="model.xml">
    <entry key="version" type="xint" value="1"/>
    <entry key="class_name" type="xstring" value="org.knime.distance.DistanceMeasurePortSpec"/>
    <config key="model">
        <entry key="distance-spec-version" type="xstring" value="1"/>
        <config key="columns">
            <entry key="array-size" type="xint" value="38"/>
            <entry key="0" type="xstring" value="ï»¿MaritalStatus"/>
            <entry key="1" type="xstring" value="ApplicationMode"/>
            <entry key="2" type="xstring" value="ApplicationOrder"/>
            <entry key="3" type="xstring" value="Course"/>
            <entry key="4" type="xstring" value="DaytimeEveningAttendance"/>
            <entry key="5" type="xstring" value="PreviousQualification"/>
            <entry key="6" type="xstring" value="PreviousQualificationGrade"/>
            <entry key="7" type="xstring" value="Nationality"/>
            <entry key="8" type="xstring" value="MotherQualification"/>
            <entry key="9" type="xstring" value="FatherQualification"/>
            <entry key="10" type="xstring" value="MotherOccupation"/>
            <entry key="11" type="xstring" value="FatherOccupation"/>
            <entry key="12" type="xstring" value="AdmissionGrade"/>
            <entry key="13" type="xstring" value="Displaced"/>
            <entry key="14" type="xstring" value="EducationalSpecialNeeds"/>
            <entry key="15" type="xstring" value="Debtor"/>
            <entry key="16" type="xstring" value="TuitionFeesUpToDate"/>
            <entry key="17" type="xstring" value="Gender"/>
            <entry key="18" type="xstring" value="ScholarshipHolder"/>
            <entry key="19" type="xstring" value="AgeAtEnrollment"/>
            <entry key="20" type="xstring" value="International"/>
            <entry key="21" type="xstring" value="CurricularUnits1stSemCredited"/>
            <entry key="22" type="xstring" value="CurricularUnits1stSemEnrolled"/>
            <entry key="23" type="xstring" value="CurricularUnits1stSemEvaluation"/>
            <entry key="24" type="xstring" value="CurricularUnits1stSemApproved"/>
            <entry key="25" type="xstring" value="CurricularUnits1stSemGrade"/>
            <entry key="26" type="xstring" value="CurricularUnits1stSemNoEvaluation"/>
            <entry key="27" type="xstring" value="CurricularUnits2ndSemCredited"/>
            <entry key="28" type="xstring" value="CurricularUnits2ndSemEnrolled"/>
            <entry key="29" type="xstring" value="CurricularUnits2ndSemEvaluations"/>
            <entry key="30" type="xstring" value="CurricularUnits2ndSemApproved"/>
            <entry key="31" type="xstring" value="CurricularUnits2ndSemGrade"/>
            <entry key="32" type="xstring" value="CurricularUnits2ndSemNoEvaluation"/>
            <entry key="33" type="xstring" value="AverageCurricularGrade"/>
            <entry key="34" type="xstring" value="UnemploymentRate"/>
            <entry key="35" type="xstring" value="InflationRate"/>
            <entry key="36" type="xstring" value="GDP"/>
            <entry key="37" type="xstring" value="Target"/>
        </config>
        <config key="distance-characteristics">
            <entry key="array-size" type="xint" value="1"/>
            <entry key="0" type="xstring" value="METRIC"/>
        </config>
        <entry key="distance-measure-type" type="xstring" value="org.knime.distance.measure.numerical.lnorm.LNormDistanceFactory"/>
    </config>
</config>
